{"lr": 0.0001, "data_time": 0.012633872032165528, "loss": 0.04190598949790001, "decode.loss_ce_reward": 0.04190598949790001, "decode.acc_seg": 96.03589630126953, "time": 13.13581919670105, "iter": 10, "memory": 10873, "step": 10}
{"lr": 0.0001, "data_time": 0.015276885032653809, "loss": 0.044809152372181416, "decode.loss_ce_reward": 0.044809152372181416, "decode.acc_seg": 96.6634750366211, "time": 2.1173465490341186, "iter": 20, "memory": 10083, "step": 20}
{"lr": 0.0001, "data_time": 0.012676024436950683, "loss": 0.05646849796175957, "decode.loss_ce_reward": 0.05646849796175957, "decode.acc_seg": 93.97481536865234, "time": 2.1141203880310058, "iter": 30, "memory": 10083, "step": 30}
