{"lr": 9.997995177323566e-05, "data_time": 0.01800267696380615, "loss": 0.03996929731220007, "decode.loss_ce_reward": 0.03996929731220007, "decode.acc_seg": 95.20579528808594, "time": 13.886573839187623, "iter": 10, "memory": 10873, "step": 10}
{"lr": 9.995767543652628e-05, "data_time": 0.024112892150878907, "loss": 0.038440643809735775, "decode.loss_ce_reward": 0.038440643809735775, "decode.acc_seg": 98.10977172851562, "time": 2.1972854137420654, "iter": 20, "memory": 10083, "step": 20}
{"lr": 9.993539854262288e-05, "data_time": 0.022062087059020997, "loss": 0.05125639624893665, "decode.loss_ce_reward": 0.05125639624893665, "decode.acc_seg": 94.45082092285156, "time": 2.195018839836121, "iter": 30, "memory": 10083, "step": 30}
{"lr": 9.991312109137215e-05, "data_time": 0.02065122127532959, "loss": 0.032501268573105334, "decode.loss_ce_reward": 0.032501268573105334, "decode.acc_seg": 95.36587524414062, "time": 2.2165442943572997, "iter": 40, "memory": 10083, "step": 40}
{"lr": 9.989084308262066e-05, "data_time": 0.02117633819580078, "loss": 0.05120662990957499, "decode.loss_ce_reward": 0.05120662990957499, "decode.acc_seg": 96.23480224609375, "time": 2.2238379240036013, "iter": 50, "memory": 10083, "step": 50}
{"lr": 9.98685645162149e-05, "data_time": 0.01964733600616455, "loss": 0.029540705122053625, "decode.loss_ce_reward": 0.029540705122053625, "decode.acc_seg": 95.98457336425781, "time": 2.222870445251465, "iter": 60, "memory": 10083, "step": 60}
{"lr": 9.984628539200131e-05, "data_time": 0.016821408271789552, "loss": 0.04669677335768938, "decode.loss_ce_reward": 0.04669677335768938, "decode.acc_seg": 97.53194427490234, "time": 2.2151571035385134, "iter": 70, "memory": 10083, "step": 70}
{"lr": 9.982400570982619e-05, "data_time": 0.017346930503845216, "loss": 0.041305211186408994, "decode.loss_ce_reward": 0.041305211186408994, "decode.acc_seg": 96.72938537597656, "time": 2.2154969453811644, "iter": 80, "memory": 10083, "step": 80}
{"lr": 9.98017254695358e-05, "data_time": 0.01632843017578125, "loss": 0.03761793076992035, "decode.loss_ce_reward": 0.03761793076992035, "decode.acc_seg": 94.67198181152344, "time": 2.2412694692611694, "iter": 90, "memory": 10083, "step": 90}
{"lr": 9.977944467097633e-05, "data_time": 0.01668267250061035, "loss": 0.039417147263884546, "decode.loss_ce_reward": 0.039417147263884546, "decode.acc_seg": 97.24177551269531, "time": 2.2154807090759276, "iter": 100, "memory": 10083, "step": 100}
{"lr": 9.975716331399383e-05, "data_time": 0.016532015800476075, "loss": 0.02844415381550789, "decode.loss_ce_reward": 0.02844415381550789, "decode.acc_seg": 96.52098846435547, "time": 2.2199325561523438, "iter": 110, "memory": 10083, "step": 110}
{"lr": 9.973488139843434e-05, "data_time": 0.017284488677978514, "loss": 0.04606893453747034, "decode.loss_ce_reward": 0.04606893453747034, "decode.acc_seg": 96.53413391113281, "time": 2.236113452911377, "iter": 120, "memory": 10083, "step": 120}
{"lr": 9.971259892414378e-05, "data_time": 0.01698131561279297, "loss": 0.03074574712663889, "decode.loss_ce_reward": 0.03074574712663889, "decode.acc_seg": 96.7874984741211, "time": 2.229097056388855, "iter": 130, "memory": 10083, "step": 130}
{"lr": 9.9690315890968e-05, "data_time": 0.016368746757507324, "loss": 0.0354375759139657, "decode.loss_ce_reward": 0.0354375759139657, "decode.acc_seg": 95.22551727294922, "time": 2.219805908203125, "iter": 140, "memory": 10083, "step": 140}
{"lr": 9.966803229875274e-05, "data_time": 0.01631743907928467, "loss": 0.03522646650671959, "decode.loss_ce_reward": 0.03522646650671959, "decode.acc_seg": 94.8167495727539, "time": 2.224626970291138, "iter": 150, "memory": 10083, "step": 150}
{"lr": 9.964574814734373e-05, "data_time": 0.016598057746887208, "loss": 0.03441559225320816, "decode.loss_ce_reward": 0.03441559225320816, "decode.acc_seg": 95.31847381591797, "time": 2.229658007621765, "iter": 160, "memory": 10083, "step": 160}
{"lr": 9.962346343658652e-05, "data_time": 0.016548919677734374, "loss": 0.04518984854221344, "decode.loss_ce_reward": 0.04518984854221344, "decode.acc_seg": 93.9714584350586, "time": 2.229026365280151, "iter": 170, "memory": 10083, "step": 170}
{"lr": 9.960117816632665e-05, "data_time": 0.015564274787902833, "loss": 0.04359036795794964, "decode.loss_ce_reward": 0.04359036795794964, "decode.acc_seg": 94.28356170654297, "time": 2.2276676177978514, "iter": 180, "memory": 10083, "step": 180}
{"lr": 9.957889233640956e-05, "data_time": 0.01537015438079834, "loss": 0.035682435519993304, "decode.loss_ce_reward": 0.035682435519993304, "decode.acc_seg": 96.20001983642578, "time": 2.2277170181274415, "iter": 190, "memory": 10083, "step": 190}
{"lr": 9.955660594668063e-05, "data_time": 0.017379903793334962, "loss": 0.05223333463072777, "decode.loss_ce_reward": 0.05223333463072777, "decode.acc_seg": 95.1530990600586, "time": 2.219775676727295, "iter": 200, "memory": 10083, "step": 200}
{"lr": 9.95343189969851e-05, "data_time": 0.015874409675598146, "loss": 0.041856985073536634, "decode.loss_ce_reward": 0.041856985073536634, "decode.acc_seg": 96.0970458984375, "time": 2.2389441967010497, "iter": 210, "memory": 10083, "step": 210}
{"lr": 9.951203148716821e-05, "data_time": 0.015912914276123048, "loss": 0.03441796097904444, "decode.loss_ce_reward": 0.03441796097904444, "decode.acc_seg": 95.8750228881836, "time": 2.2277700901031494, "iter": 220, "memory": 10083, "step": 220}
{"lr": 9.948974341707502e-05, "data_time": 0.01561439037322998, "loss": 0.0360867453739047, "decode.loss_ce_reward": 0.0360867453739047, "decode.acc_seg": 95.24504852294922, "time": 2.213070106506348, "iter": 230, "memory": 10083, "step": 230}
{"lr": 9.946745478655058e-05, "data_time": 0.01562533378601074, "loss": 0.030818784423172475, "decode.loss_ce_reward": 0.030818784423172475, "decode.acc_seg": 97.65220642089844, "time": 2.2172128677368166, "iter": 240, "memory": 10083, "step": 240}
{"lr": 9.944516559543989e-05, "data_time": 0.017226290702819825, "loss": 0.027599150501191615, "decode.loss_ce_reward": 0.027599150501191615, "decode.acc_seg": 96.9358139038086, "time": 2.2267226457595823, "iter": 250, "memory": 10083, "step": 250}
{"lr": 9.942287584358774e-05, "data_time": 0.015841293334960937, "loss": 0.041094104573130605, "decode.loss_ce_reward": 0.041094104573130605, "decode.acc_seg": 97.10083770751953, "time": 2.2162471771240235, "iter": 260, "memory": 10083, "step": 260}
{"lr": 9.940058553083892e-05, "data_time": 0.016105270385742186, "loss": 0.06934763118624687, "decode.loss_ce_reward": 0.06934763118624687, "decode.acc_seg": 95.33180236816406, "time": 2.217789888381958, "iter": 270, "memory": 10083, "step": 270}
{"lr": 9.937829465703817e-05, "data_time": 0.017004680633544923, "loss": 0.038845015317201616, "decode.loss_ce_reward": 0.038845015317201616, "decode.acc_seg": 93.78244018554688, "time": 2.2154990673065185, "iter": 280, "memory": 10083, "step": 280}
{"lr": 9.935600322203013e-05, "data_time": 0.016757273674011232, "loss": 0.034591776132583615, "decode.loss_ce_reward": 0.034591776132583615, "decode.acc_seg": 94.86286163330078, "time": 2.2204113245010375, "iter": 290, "memory": 10083, "step": 290}
{"lr": 9.933371122565929e-05, "data_time": 0.017666387557983398, "loss": 0.03842128533869982, "decode.loss_ce_reward": 0.03842128533869982, "decode.acc_seg": 96.59199523925781, "time": 2.222577428817749, "iter": 300, "memory": 10083, "step": 300}
{"lr": 9.931141866777014e-05, "data_time": 0.016729450225830077, "loss": 0.04443420022726059, "decode.loss_ce_reward": 0.04443420022726059, "decode.acc_seg": 94.73564147949219, "time": 2.219810628890991, "iter": 310, "memory": 10083, "step": 310}
{"lr": 9.928912554820706e-05, "data_time": 0.01661834716796875, "loss": 0.04527335688471794, "decode.loss_ce_reward": 0.04527335688471794, "decode.acc_seg": 93.14874267578125, "time": 2.2046301126480103, "iter": 320, "memory": 10083, "step": 320}
{"lr": 9.926683186681433e-05, "data_time": 0.016296863555908203, "loss": 0.036522708367556334,