{"lr": 0.009989084308262066, "data_time": 0.009981417655944824, "loss": 1.1502290546894074, "decode.loss_ce": 0.673624649643898, "decode.acc_seg": 76.9194564819336, "aux.loss_ce": 0.4766043841838837, "aux.acc_seg": 68.03572845458984, "time": 0.8530999183654785, "iter": 50, "memory": 10445, "step": 50}
{"lr": 0.00997794446709763, "data_time": 0.009106922149658202, "loss": 1.1666140675544738, "decode.loss_ce": 0.7700589567422866, "decode.acc_seg": 81.99579620361328, "aux.loss_ce": 0.39655512720346453, "aux.acc_seg": 75.53173065185547, "time": 0.856264853477478, "iter": 100, "memory": 6112, "step": 100}
{"lr": 0.009966803229875268, "data_time": 0.007897591590881348, "loss": 0.9804531514644623, "decode.loss_ce": 0.6095942005515098, "decode.acc_seg": 69.17770385742188, "aux.loss_ce": 0.370858958363533, "aux.acc_seg": 62.433406829833984, "time": 0.8572071313858032, "iter": 150, "memory": 6112, "step": 150}
{"lr": 0.009955660594668054, "data_time": 0.008552145957946778, "loss": 0.7820607930421829, "decode.loss_ce": 0.5006413012742996, "decode.acc_seg": 91.65982055664062, "aux.loss_ce": 0.28141949623823165, "aux.acc_seg": 90.61002349853516, "time": 0.8574998140335083, "iter": 200, "memory": 6112, "step": 200}
{"lr": 0.00994451655954398, "data_time": 0.00811018943786621, "loss": 0.548798793554306, "decode.loss_ce": 0.34320254921913146, "decode.acc_seg": 91.11197662353516, "aux.loss_ce": 0.20559623911976815, "aux.acc_seg": 87.17607116699219, "time": 0.8586277961730957, "iter": 250, "memory": 6112, "step": 250}
{"lr": 0.009933371122565919, "data_time": 0.008134961128234863, "loss": 0.4230270519852638, "decode.loss_ce": 0.2642171949148178, "decode.acc_seg": 91.48471069335938, "aux.loss_ce": 0.15880984887480737, "aux.acc_seg": 88.90576171875, "time": 0.8607424259185791, "iter": 300, "memory": 6112, "step": 300}
{"lr": 0.009922224281791656, "data_time": 0.007934331893920898, "loss": 0.4547790795564651, "decode.loss_ce": 0.28212985545396807, "decode.acc_seg": 91.07232666015625, "aux.loss_ce": 0.17264922112226486, "aux.acc_seg": 91.59178161621094, "time": 0.866008710861206, "iter": 350, "memory": 6112, "step": 350}
{"lr": 0.009911076035273796, "data_time": 0.008097147941589356, "loss": 0.7428739637136459, "decode.loss_ce": 0.469859254360199, "decode.acc_seg": 84.39077758789062, "aux.loss_ce": 0.2730147078633308, "aux.acc_seg": 76.5783920288086, "time": 0.864820408821106, "iter": 400, "memory": 6112, "step": 400}
{"lr": 0.009899926381059788, "data_time": 0.0076286554336547855, "loss": 0.4844126760959625, "decode.loss_ce": 0.2905992217361927, "decode.acc_seg": 90.93660736083984, "aux.loss_ce": 0.19381344839930534, "aux.acc_seg": 88.65174865722656, "time": 0.8617760896682739, "iter": 450, "memory": 6112, "step": 450}
{"lr": 0.0098887753171919, "data_time": 0.008247923851013184, "loss": 0.4969128847122192, "decode.loss_ce": 0.28973003327846525, "decode.acc_seg": 97.7511215209961, "aux.loss_ce": 0.20718285590410232, "aux.acc_seg": 94.94326782226562, "time": 0.8675599813461303, "iter": 500, "memory": 6112, "step": 500}
{"lr": 0.009877622841707205, "data_time": 0.007858824729919434, "loss": 0.5730718940496444, "decode.loss_ce": 0.32641064673662185, "decode.acc_seg": 84.83805847167969, "aux.loss_ce": 0.24666124135255812, "aux.acc_seg": 76.5898208618164, "time": 0.8673890829086304, "iter": 550, "memory": 6112, "step": 550}
{"lr": 0.009866468952637547, "data_time": 0.00828862190246582, "loss": 0.5587551593780518, "decode.loss_ce": 0.3250539913773537, "decode.acc_seg": 93.27137756347656, "aux.loss_ce": 0.23370117247104644, "aux.acc_seg": 85.5966796875, "time": 0.8710184335708618, "iter": 600, "memory": 6112, "step": 600}
{"lr": 0.00985531364800951, "data_time": 0.008089661598205566, "loss": 0.3877821654081345, "decode.loss_ce": 0.24293720424175264, "decode.acc_seg": 90.04849243164062, "aux.loss_ce": 0.1448449693620205, "aux.acc_seg": 89.96380615234375, "time": 0.8645390272140503, "iter": 650, "memory": 6112, "step": 650}
{"lr": 0.009844156925844432, "data_time": 0.008591866493225098, "loss": 0.4900179848074913, "decode.loss_ce": 0.2949820667505264, "decode.acc_seg": 92.28594207763672, "aux.loss_ce": 0.19503592066466807, "aux.acc_seg": 85.33876037597656, "time": 0.8689013719558716, "iter": 700, "memory": 6112, "step": 700}
{"lr": 0.009832998784158347, "data_time": 0.00803358554840088, "loss": 0.5061745524406434, "decode.loss_ce": 0.3167161479592323, "decode.acc_seg": 89.26217651367188, "aux.loss_ce": 0.18945840001106262, "aux.acc_seg": 86.47955322265625, "time": 0.8645012378692627, "iter": 750, "memory": 6112, "step": 750}
{"lr": 0.009821839220962003, "data_time": 0.007465982437133789, "loss": 0.38912246823310853, "decode.loss_ce": 0.23477066904306412, "decode.acc_seg": 92.49830627441406, "aux.loss_ce": 0.1543518014252186, "aux.acc_seg": 83.80494689941406, "time": 0.8684221267700195, "iter": 800, "memory": 6112, "step": 800}
{"lr": 0.009810678234260793, "data_time": 0.009136152267456055, "loss": 0.4341629922389984, "decode.loss_ce": 0.2753060057759285, "decode.acc_seg": 82.02313995361328, "aux.loss_ce": 0.15885698646306992, "aux.acc_seg": 81.06370544433594, "time": 0.8665729761123657, "iter": 850, "memory": 6112, "step": 850}
{"lr": 0.009799515822054777, "data_time": 0.008353281021118163, "loss": 0.5751692175865173, "decode.loss_ce": 0.3891503497958183, "decode.acc_seg": 91.65894317626953, "aux.loss_ce": 0.1860188752412796, "aux.acc_seg": 89.10929870605469, "time": 0.8658453464508057, "iter": 900, "memory": 6112, "step": 900}
{"lr": 0.009788351982338642, "data_time": 0.007604050636291504, "loss": 0.7162995204329491, "decode.loss_ce": 0.47671271339058874, "decode.acc_seg": 61.85771560668945, "aux.loss_ce": 0.23958680778741837, "aux.acc_seg": 60.2033805847168, "time": 0.8666739225387573, "iter": 950, "memory": 6112, "step": 950}
