{"lr": 1e-05, "data_time": 0.01123199462890625, "loss": 0.1520434506237507, "decode.loss_ce_reward": 0.06610862538218498, "decode.acc_seg": 96.00531005859375, "aux.loss_ce_reward": 0.08593482561409474, "aux.acc_seg": 95.43571472167969, "time": 8.306848883628845, "iter": 10, "memory": 10665, "step": 10}
{"lr": 1e-05, "data_time": 0.009706735610961914, "loss": 0.14209167435765266, "decode.loss_ce_reward": 0.0631844513118267, "decode.acc_seg": 96.88646697998047, "aux.loss_ce_reward": 0.0789072223007679, "aux.acc_seg": 96.25355529785156, "time": 1.1799245357513428, "iter": 20, "memory": 6047, "step": 20}
{"lr": 1e-05, "data_time": 0.009839916229248047, "loss": 0.17969032377004623, "decode.loss_ce_reward": 0.08406594470143318, "decode.acc_seg": 94.31873321533203, "aux.loss_ce_reward": 0.09562438055872917, "aux.acc_seg": 93.00630950927734, "time": 1.1817456245422364, "iter": 30, "memory": 6047, "step": 30}
{"lr": 1e-05, "data_time": 0.009686756134033202, "loss": 0.1778669074177742, "decode.loss_ce_reward": 0.07958190031349659, "decode.acc_seg": 93.58335876464844, "aux.loss_ce_reward": 0.09828500598669052, "aux.acc_seg": 91.59866333007812, "time": 1.1841747045516968, "iter": 40, "memory": 6047, "step": 40}
{"lr": 1e-05, "data_time": 0.009525775909423828, "loss": 0.16816044300794603, "decode.loss_ce_reward": 0.07410423420369625, "decode.acc_seg": 98.30003356933594, "aux.loss_ce_reward": 0.09405620805919171, "aux.acc_seg": 95.91165924072266, "time": 1.186317539215088, "iter": 50, "memory": 6047, "step": 50}
{"lr": 1e-05, "data_time": 0.009919095039367675, "loss": 0.195213932543993, "decode.loss_ce_reward": 0.08039931412786246, "decode.acc_seg": 97.55535125732422, "aux.loss_ce_reward": 0.11481461673974991, "aux.acc_seg": 97.37470245361328, "time": 1.1876118659973145, "iter": 60, "memory": 6047, "step": 60}
{"lr": 1e-05, "data_time": 0.009155917167663574, "loss": 0.2052701950073242, "decode.loss_ce_reward": 0.09007346034049987, "decode.acc_seg": 95.66450500488281, "aux.loss_ce_reward": 0.11519673243165016, "aux.acc_seg": 94.92008972167969, "time": 1.1850350141525268, "iter": 70, "memory": 6047, "step": 70}
