{"lr": 0.009989084308262066, "data_time": 0.006296610832214356, "loss": 1.6364541172981262, "decode.loss_ce": 1.0655273497104645, "decode.acc_seg": 42.005619049072266, "aux.loss_ce": 0.5709267765283584, "aux.acc_seg": 46.68730926513672, "time": 0.824994969367981, "iter": 50, "memory": 10445, "step": 50}
{"lr": 0.00997794446709763, "data_time": 0.006080317497253418, "loss": 0.941609013080597, "decode.loss_ce": 0.6015290915966034, "decode.acc_seg": 92.34964752197266, "aux.loss_ce": 0.34007991701364515, "aux.acc_seg": 89.0281982421875, "time": 0.8232264518737793, "iter": 100, "memory": 6112, "step": 100}
{"lr": 0.009966803229875268, "data_time": 0.006073379516601562, "loss": 1.0023354321718216, "decode.loss_ce": 0.6351453334093093, "decode.acc_seg": 93.6323471069336, "aux.loss_ce": 0.36719008833169936, "aux.acc_seg": 88.23003387451172, "time": 0.8259707689285278, "iter": 150, "memory": 6112, "step": 150}
{"lr": 0.009955660594668054, "data_time": 0.006292223930358887, "loss": 1.0767967402935028, "decode.loss_ce": 0.6949018865823746, "decode.acc_seg": 66.42635345458984, "aux.loss_ce": 0.3818948432803154, "aux.acc_seg": 61.30589294433594, "time": 0.8275704383850098, "iter": 200, "memory": 6112, "step": 200}
{"lr": 0.00994451655954398, "data_time": 0.006518507003784179, "loss": 0.892372727394104, "decode.loss_ce": 0.5985660076141357, "decode.acc_seg": 83.17391204833984, "aux.loss_ce": 0.2938067242503166, "aux.acc_seg": 81.37129974365234, "time": 0.8276007890701294, "iter": 250, "memory": 6112, "step": 250}
{"lr": 0.009933371122565919, "data_time": 0.0067776918411254885, "loss": 0.7948980093002319, "decode.loss_ce": 0.49642861634492874, "decode.acc_seg": 85.8193130493164, "aux.loss_ce": 0.2984693840146065, "aux.acc_seg": 82.01171875, "time": 0.8284376859664917, "iter": 300, "memory": 6112, "step": 300}
{"lr": 0.009922224281791656, "data_time": 0.006863260269165039, "loss": 0.7392200946807861, "decode.loss_ce": 0.4648193776607513, "decode.acc_seg": 75.7702407836914, "aux.loss_ce": 0.2744007110595703, "aux.acc_seg": 64.1161117553711, "time": 0.8329825401306152, "iter": 350, "memory": 6112, "step": 350}
{"lr": 0.009911076035273796, "data_time": 0.00674905776977539, "loss": 0.6878648340702057, "decode.loss_ce": 0.43873836994171145, "decode.acc_seg": 82.44416046142578, "aux.loss_ce": 0.24912647157907486, "aux.acc_seg": 75.54405212402344, "time": 0.8321985483169556, "iter": 400, "memory": 6112, "step": 400}
{"lr": 0.009899926381059788, "data_time": 0.006614470481872558, "loss": 0.7009795367717743, "decode.loss_ce": 0.4547168523073196, "decode.acc_seg": 92.97048950195312, "aux.loss_ce": 0.24626268371939658, "aux.acc_seg": 92.48271942138672, "time": 0.8347442626953125, "iter": 450, "memory": 6112, "step": 450}
{"lr": 0.0098887753171919, "data_time": 0.0067877531051635746, "loss": 0.47056505978107455, "decode.loss_ce": 0.29369910806417465, "decode.acc_seg": 88.4505386352539, "aux.loss_ce": 0.17686595395207405, "aux.acc_seg": 81.28585052490234, "time": 0.8303994417190552, "iter": 500, "memory": 6112, "step": 500}
{"lr": 0.009877622841707205, "data_time": 0.006705808639526367, "loss": 0.8673757791519165, "decode.loss_ce": 0.5692311018705368, "decode.acc_seg": 76.27980041503906, "aux.loss_ce": 0.298144668340683, "aux.acc_seg": 65.73532104492188, "time": 0.8324442625045776, "iter": 550, "memory": 6112, "step": 550}
{"lr": 0.009866468952637547, "data_time": 0.006753730773925781, "loss": 0.5753676921129227, "decode.loss_ce": 0.37596289068460464, "decode.acc_seg": 84.29649353027344, "aux.loss_ce": 0.19940479844808578, "aux.acc_seg": 82.2756118774414, "time": 0.8323784589767456, "iter": 600, "memory": 6112, "step": 600}
{"lr": 0.00985531364800951, "data_time": 0.006723093986511231, "loss": 0.5472889870405198, "decode.loss_ce": 0.34008182734251025, "decode.acc_seg": 92.69859313964844, "aux.loss_ce": 0.207207153737545, "aux.acc_seg": 86.07911682128906, "time": 0.8317595243453979, "iter": 650, "memory": 6112, "step": 650}
