{"lr": 1e-05, "data_time": 0.008206486701965332, "loss": 0.1514814741909504, "decode.loss_ce_reward": 0.07154259383678437, "decode.acc_seg": 94.25921630859375, "aux.loss_ce_reward": 0.07993887960910798, "aux.acc_seg": 93.43467712402344, "time": 8.339454674720765, "iter": 10, "memory": 10665, "step": 10}
{"lr": 1e-05, "data_time": 0.00820620059967041, "loss": 0.1909685716032982, "decode.loss_ce_reward": 0.0819616299122572, "decode.acc_seg": 95.14444732666016, "aux.loss_ce_reward": 0.1090069442987442, "aux.acc_seg": 94.54682159423828, "time": 1.176884937286377, "iter": 20, "memory": 6047, "step": 20}
{"lr": 1e-05, "data_time": 0.00737295150756836, "loss": 0.16221021749079229, "decode.loss_ce_reward": 0.07066780664026737, "decode.acc_seg": 95.6982650756836, "aux.loss_ce_reward": 0.0915424108505249, "aux.acc_seg": 95.36258697509766, "time": 1.1759603500366211, "iter": 30, "memory": 6047, "step": 30}
{"lr": 1e-05, "data_time": 0.007678079605102539, "loss": 0.24993448257446288, "decode.loss_ce_reward": 0.10669812709093093, "decode.acc_seg": 94.13689422607422, "aux.loss_ce_reward": 0.14323635324835776, "aux.acc_seg": 92.91050720214844, "time": 1.1809186220169068, "iter": 40, "memory": 6047, "step": 40}
{"lr": 1e-05, "data_time": 0.007928776741027831, "loss": 0.18495797514915466, "decode.loss_ce_reward": 0.08116049952805042, "decode.acc_seg": 94.9718246459961, "aux.loss_ce_reward": 0.10379747748374939, "aux.acc_seg": 93.41144561767578, "time": 1.1831022500991821, "iter": 50, "memory": 6047, "step": 50}
{"lr": 1e-05, "data_time": 0.008896136283874511, "loss": 0.1569845423102379, "decode.loss_ce_reward": 0.06977734342217445, "decode.acc_seg": 95.06362915039062, "aux.loss_ce_reward": 0.0872071985155344, "aux.acc_seg": 93.39677429199219, "time": 1.181014609336853, "iter": 60, "memory": 6047, "step": 60}
{"lr": 1e-05, "data_time": 0.008316540718078613, "loss": 0.17886901572346686, "decode.loss_ce_reward": 0.08293411172926426, "decode.acc_seg": 97.35243225097656, "aux.loss_ce_reward": 0.09593490287661552, "aux.acc_seg": 95.75878143310547, "time": 1.1783817768096925, "iter": 70, "memory": 6047, "step": 70}
{"lr": 1e-05, "data_time": 0.008298754692077637, "loss": 0.14375190250575542, "decode.loss_ce_reward": 0.0589755367487669, "decode.acc_seg": 96.0704574584961, "aux.loss_ce_reward": 0.08477636575698852, "aux.acc_seg": 95.74169921875, "time": 1.181847906112671, "iter": 80, "memory": 6047, "step": 80}
{"lr": 1e-05, "data_time": 0.007982325553894044, "loss": 0.1674339272081852, "decode.loss_ce_reward": 0.07570561282336712, "decode.acc_seg": 95.79895782470703, "aux.loss_ce_reward": 0.09172831289470196, "aux.acc_seg": 95.58592224121094, "time": 1.1876373767852784, "iter": 90, "memory": 6047, "step": 90}
{"lr": 1e-05, "data_time": 0.008157634735107422, "loss": 0.1624711312353611, "decode.loss_ce_reward": 0.06926499232649803, "decode.acc_seg": 95.66205596923828, "aux.loss_ce_reward": 0.09320614114403725, "aux.acc_seg": 94.39920806884766, "time": 1.1845714092254638, "iter": 100, "memory": 6047, "step": 100}
{"lr": 1e-05, "data_time": 0.008662247657775879, "loss": 0.14623323678970337, "decode.loss_ce_reward": 0.06317639648914337, "decode.acc_seg": 97.34879302978516, "aux.loss_ce_reward": 0.08305684141814709, "aux.acc_seg": 96.16244506835938, "time": 1.1901222944259644, "iter": 110, "memory": 6047, "step": 110}
{"lr": 1e-05, "data_time": 0.00848250389099121, "loss": 0.185348529368639, "decode.loss_ce_reward": 0.06986880078911781, "decode.acc_seg": 97.62598419189453, "aux.loss_ce_reward": 0.11547972969710826, "aux.acc_seg": 80.13888549804688, "time": 1.1901784658432006, "iter": 120, "memory": 6047, "step": 120}
{"lr": 1e-05, "data_time": 0.008103275299072265, "loss": 0.15324651300907136, "decode.loss_ce_reward": 0.06797580607235432, "decode.acc_seg": 91.00518035888672, "aux.loss_ce_reward": 0.08527070693671704, "aux.acc_seg": 89.91722869873047, "time": 1.1880592584609986, "iter": 130, "memory": 6047, "step": 130}
{"lr": 1e-05, "data_time": 0.008317065238952637, "loss": 0.16401449218392372, "decode.loss_ce_reward": 0.06845182441174984, "decode.acc_seg": 97.34571075439453, "aux.loss_ce_reward": 0.09556266628205776, "aux.acc_seg": 95.07864379882812, "time": 1.1882242679595947, "iter": 140, "memory": 6047, "step": 140}
{"lr": 1e-05, "data_time": 0.008704471588134765, "loss": 0.14264862462878228, "decode.loss_ce_reward": 0.06310253888368607, "decode.acc_seg": 97.1836929321289, "aux.loss_ce_reward": 0.07954608649015427, "aux.acc_seg": 96.1019515991211, "time": 1.1920337915420531, "iter": 150, "memory": 6047, "step": 150}
{"lr": 1e-05, "data_time": 0.008567738533020019, "loss": 0.1413271278142929, "decode.loss_ce_reward": 0.06666758097708225, "decode.acc_seg": 96.20825958251953, "aux.loss_ce_reward": 0.07465954720973969, "aux.acc_seg": 94.54686737060547, "time": 1.1987728595733642, "iter": 160, "memory": 6047, "step": 160}
{"lr": 1e-05, "data_time": 0.00822293758392334, "loss": 0.1675340674817562, "decode.loss_ce_reward": 0.07511263974010944, "decode.acc_seg": 95.63619995117188, "aux.loss_ce_reward": 0.09242142774164677, "aux.acc_seg": 94.13626098632812, "time": 1.1943517446517944, "iter": 170, "memory": 6047, "step": 170}
{"lr": 1e-05, "data_time": 0.008442068099975586, "loss": 0.13984915241599083, "decode.loss_ce_reward": 0.06255489811301232, "decode.acc_seg": 96.02197265625, "aux.loss_ce_reward": 0.07729425355792045, "aux.acc_seg": 96.02113342285156, "time": 1.1940249681472779, "iter": 180, "memory": 6047, "step": 180}
{"lr": 1e-05, "data_time": 0.008598804473876953, "loss": 0.1763631135225296, "decode.loss_ce_reward": 0.08111659102141858, "decode.acc_seg": 96.5361099243164, "aux.loss_ce_reward": 0.09524652361869812, "aux.acc_seg": 94.89580535888672, "time": 1.1941846847534179, "iter": 190, "memory": 6047, "step": 190}
{"lr": 1e-05, "data_time": 0.008188390731811523, "loss": 0.231941556930542, "decode.loss_ce_reward": 0.08742477782070637, "decode.acc_seg": 89.67713165283203, "aux.loss_ce_reward": 0.14451677910983562, "aux.acc_seg": 81.86173248291016, "time": 1.1884050130844117, "iter": 200, "memory": 6047, "step": 200}
{"lr": 1e-05, "data_time": 0.009905838966369629, "loss": 0.19739579111337663, "decode.loss_ce_reward": 0.08625884726643562, "decode.acc_seg": 91.37533569335938, "aux.loss_ce_reward": 0.11113694608211518, "aux.acc_seg": 89.1763687133789, "time": 1.1934873104095458, "iter": 210, "memory": 6047, "step": 210}
{"lr": 1e-05, "data_time": 0.008372688293457031, "loss": 0.11895380243659019, "decode.loss_ce_reward": 0.04711196664720774, "decode.acc_seg": 98.1854248046875, "aux.loss_ce_reward": 0.07184183541685343, "aux.acc_seg": 98.09685516357422, "time": 1.1909860372543335, "iter": 220, "memory": 6047, "step": 220}
{"lr": 1e-05, "data_time": 0.008176374435424804, "loss": 0.15336320772767068, "decode.loss_ce_reward": 0.06830007508397103, "decode.acc_seg": 97.74968719482422, "aux.loss_ce_reward": 0.0850631345063448, "aux.acc_seg": 96.9252700805664, "time": 1.1909144878387452, "iter": 230, "memory": 6047, "step": 230}
{"lr": 1e-05, "data_time": 0.008347153663635254, "loss": 0.20849553719162942, "decode.loss_ce_reward": 0.0834912821650505, "decode.acc_seg": 92.95470428466797, "aux.loss_ce_reward": 0.12500425130128862, "aux.acc_seg": 85.41902923583984, "time": 1.1970190286636353, "iter": 240, "memory": 6047, "step": 240}
{"lr": 1e-05, "data_time": 0.008674836158752442, "loss": 0.15052642673254013, "decode.loss_ce_reward": 0.0699972614645958, "decode.acc_seg": 97.65776062011719, "aux.loss_ce_reward": 0.08052916377782822, "aux.acc_seg": 95.91307830810547, "time": 1.2008031368255616, "iter": 250, "memory": 6047, "step": 250}
{"lr": 1e-05, "data_time": 0.009383106231689453, "loss": 0.18320869654417038, "decode.loss_ce_reward": 0.07962227053940296, "decode.acc_seg": 95.71641540527344, "aux.loss_ce_reward": 0.10358642563223838, "aux.acc_seg": 94.37861633300781, "time": 1.19285089969635, "iter": 260, "memory": 6047, "step": 260}
{"lr": 1e-05, "data_time": 0.00850064754486084,