{"lr": 0.0001, "data_time": 0.012549781799316406, "loss": 0.04196358397603035, "decode.loss_ce_reward": 0.04196358397603035, "decode.acc_seg": 96.17676544189453, "time": 13.423482131958007, "iter": 10, "memory": 10873, "step": 10}
{"lr": 0.0001, "data_time": 0.01176755428314209, "loss": 0.03783656507730484, "decode.loss_ce_reward": 0.03783656507730484, "decode.acc_seg": 95.02717590332031, "time": 2.121454358100891, "iter": 20, "memory": 10083, "step": 20}
{"lr": 0.0001, "data_time": 0.010880517959594726, "loss": 0.044386910274624825, "decode.loss_ce_reward": 0.044386910274624825, "decode.acc_seg": 96.54910278320312, "time": 2.126609373092651, "iter": 30, "memory": 10083, "step": 30}
{"lr": 0.0001, "data_time": 0.01096038818359375, "loss": 0.04977640490978956, "decode.loss_ce_reward": 0.04977640490978956, "decode.acc_seg": 95.44429779052734, "time": 2.131350207328796, "iter": 40, "memory": 10083, "step": 40}
{"lr": 0.0001, "data_time": 0.01049647331237793, "loss": 0.0441384807229042, "decode.loss_ce_reward": 0.0441384807229042, "decode.acc_seg": 94.48193359375, "time": 2.131689190864563, "iter": 50, "memory": 10083, "step": 50}
{"lr": 0.0001, "data_time": 0.011037373542785644, "loss": 0.05303026959300041, "decode.loss_ce_reward": 0.05303026959300041, "decode.acc_seg": 93.76901245117188, "time": 2.1343194246292114, "iter": 60, "memory": 10083, "step": 60}
{"lr": 0.0001, "data_time": 0.011191940307617188, "loss": 0.05243812603875995, "decode.loss_ce_reward": 0.05243812603875995, "decode.acc_seg": 95.21981048583984, "time": 2.136921525001526, "iter": 70, "memory": 10083, "step": 70}
{"lr": 0.0001, "data_time": 0.010702013969421387, "loss": 0.08319861218333244, "decode.loss_ce_reward": 0.08319861218333244, "decode.acc_seg": 96.30360412597656, "time": 2.1479392528533934, "iter": 80, "memory": 10083, "step": 80}
{"lr": 0.0001, "data_time": 0.010540366172790527, "loss": 0.049569353088736536, "decode.loss_ce_reward": 0.049569353088736536, "decode.acc_seg": 97.30474090576172, "time": 2.1613620281219483, "iter": 90, "memory": 10083, "step": 90}
{"lr": 0.0001, "data_time": 0.010319852828979492, "loss": 0.04982076957821846, "decode.loss_ce_reward": 0.04982076957821846, "decode.acc_seg": 93.08899688720703, "time": 2.153564286231995, "iter": 100, "memory": 10083, "step": 100}
{"lr": 0.0001, "data_time": 0.010530781745910645, "loss": 0.04926734045147896, "decode.loss_ce_reward": 0.04926734045147896, "decode.acc_seg": 97.75566864013672, "time": 2.151091957092285, "iter": 110, "memory": 10083, "step": 110}
{"lr": 0.0001, "data_time": 0.010639500617980958, "loss": 0.051576715894043446, "decode.loss_ce_reward": 0.051576715894043446, "decode.acc_seg": 95.46697998046875, "time": 2.1533583879470823, "iter": 120, "memory": 10083, "step": 120}
{"lr": 0.0001, "data_time": 0.009886574745178223, "loss": 0.05062275230884552, "decode.loss_ce_reward": 0.05062275230884552, "decode.acc_seg": 95.5054931640625, "time": 2.1557883739471437, "iter": 130, "memory": 10083, "step": 130}
{"lr": 0.0001, "data_time": 0.01018664836883545, "loss": 0.04683538936078548, "decode.loss_ce_reward": 0.04683538936078548, "decode.acc_seg": 95.9603271484375, "time": 2.147269034385681, "iter": 140, "memory": 10083, "step": 140}
{"lr": 0.0001, "data_time": 0.010059523582458495, "loss": 0.040697116032242776, "decode.loss_ce_reward": 0.040697116032242776, "decode.acc_seg": 96.85338592529297, "time": 2.1548128843307497, "iter": 150, "memory": 10083, "step": 150}
{"lr": 0.0001, "data_time": 0.011464071273803712, "loss": 0.03934912364929914, "decode.loss_ce_reward": 0.03934912364929914, "decode.acc_seg": 94.68817901611328, "time": 2.2283610582351683, "iter": 160, "memory": 10083, "step": 160}
